No,Product Type,Keywords,Primary Style Recommendation,Secondary Styles,Landing Page Pattern,Dashboard Style,Color Palette Focus,Key Considerations
1,SaaS Platform,software service cloud subscription enterprise,Glassmorphism,Minimalist Modern; Neo-Brutalist,Hero with Feature Grid,Data-Dense with Cards,Trust Blue with Action Green,Focus on feature discovery and clear CTAs
2,E-commerce Fashion,shopping clothing apparel style luxury,Minimalist Luxury,Editorial; Scandinavian,Full-Screen Hero with Lookbook,Product Grid with Filters,Neutral with Gold Accents,Large product imagery and seamless checkout
3,FinTech Banking,finance money banking investment trading,Corporate Professional,Minimalist Modern; Dark Mode,Trust-Building Hero,Financial Dashboard with Charts,Navy Blue with Success Green,Security indicators and clear data visualization
4,Healthcare Medical,health doctor hospital patient care,Soft Modern Healthcare,Accessible; Minimalist,Calm Hero with Care Points,Patient Portal Clean,Calming Teal with Coral CTAs,WCAG compliance and anxiety-reducing design
5,EdTech Learning,education course learning student school,Playful Tech,Gamified; Material Design,Engaging Hero with Course Preview,Learning Dashboard with Progress,Purple with Orange Motivation,Gamification elements and progress tracking
6,Real Estate,property house home apartment rental,Classic Professional,Minimalist; Map-Centric,Property Search Hero,Listing Management Grid,Green Stability with Gold Trust,Map integration and property galleries
7,Food Delivery,restaurant food meal delivery order,Appetizing Modern,Playful; Warm Friendly,Food Photography Hero,Order Management Simple,Warm Orange with Red Urgency,Mouth-watering imagery and fast ordering
8,Fitness Wellness,gym workout health exercise training,Energetic Bold,Dark Mode; High Contrast,Motivational Hero with Transformation,Workout Tracker Dashboard,Orange Energy with Lime Success,Before/after imagery and progress metrics
9,Travel Tourism,vacation trip hotel flight destination,Wanderlust Immersive,Editorial; Photography-First,Destination Hero with Search,Trip Planning Dashboard,Sky Blue with Sunset Accents,Inspirational imagery and easy booking
10,Gaming Entertainment,game play esports entertainment stream,Cyberpunk Neon,Dark Mode; Glassmorphism,Immersive Game Hero,Gamer Stats Dashboard,Neon Purple with Pink Highlights,Dark mode with vibrant accents
11,Legal Services,lawyer attorney law firm legal counsel,Traditional Corporate,Minimalist Professional,Authority Hero with Trust,Case Management Clean,Navy with Gold Prestige,Professional imagery and credentials
12,Non-Profit Charity,donate charity nonprofit volunteer cause,Warm Compassionate,Human-Centered; Storytelling,Impact Story Hero,Donation Tracking Dashboard,Warm Orange with Hope Green,Emotional storytelling and impact metrics
13,Crypto Blockchain,bitcoin ethereum defi nft web3,Web3 Futuristic,Dark Mode; Glassmorphism,Tech Innovation Hero,Crypto Portfolio Dashboard,Deep Purple with Neon Green,Real-time data and security emphasis
14,Music Streaming,songs playlist artist album podcast,Dark Immersive,Glassmorphism; Minimal,Full-Screen Album Art Hero,Music Library Grid,Black with Accent Green,Album art showcase and audio controls
15,Social Media,friends network share post connect,Friendly Accessible,Material Design; Rounded,Community Feed Hero,Social Feed Layout,Familiar Blue with Like Red,Engagement features and content discovery
16,News Media,article news journalism breaking story,Editorial Classic,Typography-First; Grid,Breaking News Hero,News Feed Chronological,Red Alert with Black Text,Readability and content hierarchy
17,Productivity Tools,task project workflow efficiency organize,Clean Functional,Minimalist; Flat Design,Efficiency Hero with Demo,Kanban and List Views,Indigo Focus with Green Complete,Clear hierarchy and quick actions
18,Dating Apps,match love relationship singles meet,Romantic Modern,Playful; Card-Based,Profile Discovery Hero,Match Feed Card Stack,Pink Romance with Heart Red,Profile cards and matching animations
19,Job Recruitment,career hire talent employment resume,Professional Growth,Corporate; Minimalist,Opportunity Hero with Search,Application Tracker,Professional Blue with Green Success,Easy application and status tracking
20,Pet Services,dog cat pet animal grooming vet,Friendly Playful,Rounded; Warm Colors,Happy Pet Hero with Services,Pet Care Dashboard,Playful Orange with Care Blue,Cute imagery and service booking
21,Automotive,car vehicle auto dealership service,Sleek Industrial,Dark Mode; High Contrast,Vehicle Showcase Hero,Inventory Management Grid,Metallic Gray with Red Power,360 vehicle views and specs display
22,Beauty Cosmetics,makeup skincare beauty salon products,Elegant Feminine,Minimalist Luxury; Editorial,Beauty Hero with Products,Beauty Profile Dashboard,Rose Gold with Black Elegance,Product swatches and tutorials
23,Insurance,coverage policy protection claims premium,Trustworthy Corporate,Professional; Conservative,Security Hero with Calculator,Policy Management Portal,Navy Trust with Growth Green,Quote calculators and policy comparison
24,Agriculture Farming,farm crop livestock agricultural rural,Natural Organic,Earthy; Sustainable,Farm Story Hero,Crop Management Dashboard,Earth Green with Harvest Gold,Weather data and yield tracking
25,Architecture Design,building design blueprint interior space,Sophisticated Minimal,Grid-Based; Portfolio,Project Showcase Hero,Project Management Timeline,Charcoal with Gold Accents,Portfolio galleries and process visualization
26,Logistics Shipping,delivery package freight tracking courier,Efficient Functional,Data-Centric; Dashboard,Tracking Hero with Search,Shipment Dashboard Map,Orange Speed with Blue Trust,Real-time tracking and status updates
27,Hospitality Hotel,booking accommodation resort vacation stay,Luxurious Inviting,Editorial; Immersive,Destination Hero with Booking,Reservation Management,Gold Luxury with Burgundy Warmth,Room galleries and booking flow
28,Manufacturing Industrial,factory production assembly machinery plant,Industrial Professional,Functional; Data-Heavy,Capability Hero,Production Dashboard,Steel Blue with Safety Orange,Data visualization and operational metrics
29,Event Planning,wedding party conference celebration venue,Celebratory Elegant,Romantic; Festive,Event Showcase Hero,Event Management Timeline,Purple Celebration with Gold,Calendar integration and vendor management
30,Consulting Services,advisor strategy management expert business,Executive Professional,Minimalist; Typography-First,Expertise Hero with Case Studies,Client Management CRM,Navy Expertise with Teal Action,Case studies and team credentials
31,Energy Utilities,power electricity renewable solar gas,Sustainable Modern,Clean Tech; Eco-Friendly,Green Energy Hero,Usage Dashboard with Charts,Green Sustainability with Blue,Usage visualization and billing clarity
32,Telecom,mobile network phone internet communication,Tech Connected,Futuristic; Gradient,Coverage Hero with Plans,Account Management Portal,Blue Connection with Magenta Pop,Plan comparison and coverage maps
33,Sports Athletics,team player fitness competition league,Dynamic Bold,High Energy; Action,Action Hero with Highlights,Performance Dashboard,Red Energy with Gold Victory,Live scores and performance stats
34,Photography,photo camera portrait wedding shoot,Visual Portfolio,Minimal; Gallery-Focus,Full-Bleed Photo Hero,Portfolio Gallery Grid,Neutral Black and White,Image-first layout with minimal distraction
35,Security Cybersecurity,protection firewall threat defense secure,Tech Guardian,Dark Mode; Technical,Shield Hero with Features,Security Dashboard,Dark Blue with Alert Green,Threat visualization and status indicators
36,Marketing Agency,campaign brand advertising creative growth,Creative Bold,Colorful; Dynamic,Impact Case Study Hero,Campaign Performance Dashboard,Coral Creative with Teal Results,Portfolio showcase and metrics display
37,Environmental,eco sustainability green conservation nature,Natural Sustainable,Organic; Earth Tones,Planet Hero with Impact,Environmental Dashboard,Forest Green with Earth Brown,Impact metrics and sustainability stories
38,Aerospace,aviation flight space rocket satellite,Futuristic Tech,Sleek; Precision,Innovation Hero,Mission Control Dashboard,Silver Tech with Navy Trust,Technical specifications and mission tracking
39,Fashion Luxury,designer haute couture premium exclusive,Luxury Minimal,Editorial; High Fashion,Full-Screen Fashion Hero,Collection Management,Black Elegance with Gold,Large imagery and exclusive feel
40,Startup Tech,innovation disruption mvp venture scale,Modern Innovative,Gradient; Playful Tech,Vision Hero with Product,Startup Metrics Dashboard,Electric Blue with Growth Green,Product demos and traction metrics
41,Government Public,civic municipal federal agency service,Accessible Official,WCAG Compliant; Structured,Service Portal Hero,Citizen Dashboard,Official Navy with Trust Gray,Accessibility and clear navigation
42,Pharmaceutical,medicine drug clinical research therapy,Clinical Professional,Clean; Scientific,Research Hero with Pipeline,Clinical Trial Dashboard,Clinical Teal with Science Blue,Data accuracy and compliance focus
43,Interior Design,decor furnishing style home renovation,Aesthetic Sophisticated,Editorial; Mood Board,Room Showcase Hero,Project Mood Board,Warm Taupe with Accent Gold,Visual inspiration and project tracking
44,Childcare Education,kids nursery preschool early learning,Playful Safe,Rounded; Primary Colors,Happy Kids Hero,Parent Dashboard Simple,Primary Colors with Safety Blue,Child-safe imagery and simple navigation
45,Wellness Spa,relaxation massage therapy mindfulness,Serene Calm,Organic; Soft,Zen Hero with Services,Wellness Journey Dashboard,Sage Calm with Lavender Peace,Calming design and easy booking
46,AI Technology,machine learning artificial neural data,Futuristic Tech,Glassmorphism; Dark Mode,AI Innovation Hero,ML Model Dashboard,Purple AI with Cyan Data,Technical credibility and demo showcases
47,Subscription Box,monthly curated surprise unboxing deliver,Exciting Discovery,Playful; Colorful,Unboxing Experience Hero,Subscription Management,Coral Excitement with Mint Fresh,Reveal animations and plan management
48,B2B Enterprise,corporate solution integration platform scale,Professional Scalable,Corporate; Data-Rich,Enterprise Solution Hero,Admin Dashboard Complex,Navy Professional with Teal Action,Feature comparison and enterprise needs
49,Podcast Audio,listen show episode interview audio,Audio Immersive,Dark; Waveform,Show Art Hero with Player,Podcast Library Grid,Orange Audio with Purple Creative,Audio player prominence and discovery
50,Restaurant Dining,menu reservation fine dining cuisine,Appetizing Elegant,Editorial; Menu-Style,Cuisine Hero with Menu,Reservation Management,Burgundy Appetite with Gold Class,Menu presentation and table booking
51,Online Learning,course video tutorial certification skill,Educational Engaging,Platform; Progress-Based,Course Discovery Hero,Learning Path Dashboard,Indigo Learn with Amber Achievement,Progress tracking and course discovery
52,Home Services,repair plumber electrician handyman cleaning,Trustworthy Local,Friendly; Service-Based,Service Hero with Booking,Job Management Dashboard,Blue Trust with Orange Service,Service booking and provider profiles
53,Jewelry Accessories,ring necklace watch luxury precious,Elegant Precious,Luxury Minimal; Editorial,Product Showcase Hero,Collection Management,Rose Gold with Black Luxury,Product zoom and customization
54,Art Gallery,exhibition artist painting sculpture museum,Gallery Minimal,White Space; Typography,Full-Bleed Art Hero,Collection Curation Grid,Minimal White with Gold Accent,Art-first layout with artist stories
55,Coworking Space,office workspace shared community remote,Modern Community,Friendly Tech; Vibrant,Space Tour Hero,Booking Management,Teal Community with Coral Energy,Space availability and community features
56,Legal Tech,contract compliance document automation law,Professional Tech,Clean; Structured,Solution Hero with Demo,Document Management Dashboard,Navy Legal with Teal Modern,Document handling and workflow automation
57,Mental Health,therapy counseling support wellness mind,Supportive Gentle,Calm; Accessible,Supportive Hero with Resources,Therapy Journey Dashboard,Calming Blue with Gentle Green,Privacy focus and calming experience
58,Smart Home IoT,automation connected device control app,Tech Smart,Dark Futuristic; Control,Smart Home Hero,Device Control Dashboard,Electric Blue with Status Green,Device control and automation setup
59,Recruitment HR,talent hiring candidate employee workforce,Professional Growth,Corporate; Candidate-Focus,Opportunity Hero,ATS Dashboard,Blue Professional with Teal Growth,Application tracking and analytics
60,Wine Spirits,vineyard cellar tasting sommelier alcohol,Sophisticated Rich,Editorial; Vintage,Vineyard Hero with Collection,Cellar Management,Burgundy Rich with Gold Premium,Tasting notes and collection management
61,Video Streaming,watch movie series entertainment subscribe,Immersive Dark,Dark Mode; Content-First,Content Discovery Hero,Watchlist Grid,Red Entertainment on Black,Content discovery and continuous viewing
62,Cloud Services,hosting server infrastructure scale deploy,Tech Reliable,Clean Tech; Dashboard,Reliability Hero,Cloud Infrastructure Dashboard,Sky Blue with Orange Action,Uptime metrics and scaling controls
63,Grocery Delivery,fresh produce market shopping delivery,Fresh Convenient,Friendly; Quick,Fresh Produce Hero,Shopping Cart Optimized,Fresh Green with Delivery Orange,Quick add and fast checkout
64,Project Management,task team collaboration agile sprint,Organized Productive,Functional; Kanban,Team Productivity Hero,Project Board Dashboard,Purple Organization with Yellow Priority,Task management and team collaboration
65,Customer Support,help ticket chat service resolve,Helpful Friendly,Approachable; Accessible,Help Center Hero,Ticket Management Dashboard,Friendly Blue with Resolved Green,Quick resolution and self-service
66,Venture Capital,investment fund startup portfolio equity,Prestigious Professional,Minimal; Executive,Portfolio Hero with Thesis,Investment Dashboard,Navy Prestige with Success Green,Portfolio showcase and deal flow
67,Creative Agency,design creative brand campaign visual,Bold Creative,Experimental; Portfolio,Work Showcase Hero,Project Pipeline Dashboard,Magenta Creative with Cyan Pop,Portfolio impact and process showcase
68,Data Analytics,insight visualization report metrics bi,Analytical Clean,Dashboard-First; Data-Viz,Insight Discovery Hero,Analytics Dashboard,Deep Blue with Insight Orange,Chart clarity and drill-down capability
69,Meditation Mindfulness,calm peace breathe relax stress,Zen Minimal,Soft; Organic,Peace Journey Hero,Meditation Progress Dashboard,Soft Purple with Sage Calm,Audio focus and streak tracking
70,Dental Healthcare,teeth dentist oral hygiene clinic,Clean Friendly,Clinical; Approachable,Smile Hero with Services,Patient Portal Clean,Clean Blue with Mint Fresh,Appointment booking and treatment info
71,Warehouse Logistics,inventory storage fulfillment distribution center,Efficient Industrial,Functional; Real-Time,Operations Hero,Inventory Dashboard,Industrial Orange with Status Yellow,Real-time inventory and location tracking
72,Book Publishing,author manuscript editor reading novel,Literary Classic,Editorial; Typography,Book Showcase Hero,Manuscript Dashboard,Classic Navy with Parchment,Reading experience and author platform
73,Veterinary Pets,animal hospital pet doctor clinic,Caring Friendly,Warm; Pet-Friendly,Happy Pet Hero with Services,Pet Health Dashboard,Care Teal with Friendly Orange,Pet profiles and health tracking
74,Marketplace Platform,seller buyer vendor products multi,Diverse Organized,Platform; Multi-Category,Discovery Hero with Categories,Seller Dashboard,Coral Discovery with Teal Trust,Seller tools and buyer discovery
75,Construction Building,contractor project build development site,Professional Robust,Industrial; Project-Based,Project Portfolio Hero,Construction Dashboard,Safety Orange with Navy Professional,Project timeline and document management
76,Fashion E-commerce,online shopping trendy clothes style,Trendy Editorial,Minimal; Lookbook,Trend Hero with Shop,Inventory Dashboard,Blush Trend with Black Chic,Lookbook layouts and quick checkout
77,Fleet Management,vehicle tracking driver route dispatch,Operational Efficient,Map-Centric; Real-Time,Fleet Overview Hero,Fleet Map Dashboard,Blue Track with Status Orange,Live tracking and route optimization
78,Tutoring Education,teacher student lesson homework help,Friendly Educational,Youthful; Engaging,Learning Hero with Tutors,Session Dashboard,Bright Blue with Achievement Orange,Tutor matching and session scheduling
79,Home Decor,furniture interior style decoration living,Aesthetic Inspiring,Editorial; Mood Board,Room Inspiration Hero,Wishlist Dashboard,Warm Taupe with Style Gold,Room visualization and shopping
80,NFT Collectibles,digital art token collection rare,Web3 Bold,Dark Neon; Marketplace,Collection Showcase Hero,NFT Portfolio Dashboard,Neon Pink with Electric Blue,Rarity display and wallet integration
81,API Developer Tools,code integration endpoint documentation sdk,Developer Technical,Terminal; Documentation,API Overview Hero,Developer Dashboard,Terminal Green with Doc Orange,Code samples and quick start guides
82,Sustainability Green,eco environment carbon offset green,Eco Conscious,Organic; Impact-Focused,Impact Hero with Mission,Sustainability Dashboard,Forest Green with Ocean Blue,Impact visualization and action tracking
83,Luxury Real Estate,mansion estate premium property high-end,Exclusive Prestigious,Luxury; Cinematic,Property Cinema Hero,Portfolio Dashboard,Champagne Luxury with Navy Class,Virtual tours and exclusive listings
84,Language Learning,vocabulary grammar speak fluent foreign,Gamified Progress,Playful; Achievement,Language Journey Hero,Learning Streak Dashboard,Learning Orange with Progress Teal,Streak tracking and gamification
85,Charity Donation,give help support cause nonprofit,Compassionate Impact,Story-Driven; Emotional,Impact Story Hero,Donation Dashboard,Compassion Blue with Action Orange,Impact stories and easy donation
86,DevOps Platform,deploy pipeline monitor infrastructure ci cd,Technical Operational,Dark Terminal; Status,Platform Overview Hero,Pipeline Dashboard,Terminal Green with Alert Orange,Pipeline visualization and logs
87,Personal Finance,budget savings goals spending track,Trustworthy Motivating,Clean; Goal-Focused,Financial Health Hero,Budget Dashboard,Money Green with Goal Gold,Goal tracking and spending insights
88,Live Events Tickets,concert festival show performance venue,Exciting Urgent,Event; High Energy,Event Discovery Hero,Ticket Management,Vibrant Purple with Urgent Pink,Event discovery and seat selection
89,Carpool Rideshare,commute share ride carpool sustainable,Friendly Efficient,Map-Based; Social,Ride Match Hero,Trip Dashboard,Eco Green with Route Blue,Route matching and scheduling
90,Sleep Wellness,rest bedtime track quality relax,Calming Night,Dark Serene; Minimal,Sleep Journey Hero,Sleep Analytics Dashboard,Deep Indigo with Moonlight Blue,Sleep tracking and bedtime features
91,Craft Handmade,artisan maker creative diy homemade,Artisan Authentic,Organic; Craft,Maker Story Hero,Shop Dashboard,Terracotta Craft with Sage Natural,Maker stories and product customization
92,HR Management,employee payroll benefits performance team,Professional Organized,Corporate; Structured,HR Solution Hero,HR Admin Dashboard,Professional Teal with Action Orange,Employee management and analytics
93,Robotics Automation,robot automate mechanical engineering ai,Tech Precision,Futuristic; Industrial,Innovation Hero with Demo,Robot Control Dashboard,Metallic Silver with Tech Blue,Control interfaces and monitoring
94,Elderly Care,senior aging healthcare assisted living,Accessible Warm,Large Text; Simple,Care Support Hero,Health Monitoring Dashboard,Warm Blue with Comfort Peach,Large touch targets and simple navigation
95,Wedding Planning,bride groom ceremony reception planner,Romantic Elegant,Soft; Celebratory,Love Story Hero,Wedding Planner Dashboard,Blush Romance with Gold Celebration,Vendor management and timeline tracking
96,Supply Chain,procurement vendor inventory operations source,Operational Efficient,Data-Rich; Real-Time,Operations Hero,Supply Chain Dashboard,Industrial Blue with Status Green,End-to-end visibility and analytics
