No,Category,Issue,Keywords,Platform,Description,Do,Don't,Code Example Good,Code Example Bad,Severity
1,Rendering,Unnecessary Re-renders,memo useMemo useCallback,React/Next.js,Components re-render when props or state change even if the output would be identical,Use React.memo for functional components that receive the same props frequently,Wrap every component in React.memo without profiling first,"const MemoizedCard = React.memo(function Card({ title, data }) { return <div>{title}</div>; });","function Card({ title, data }) { return <div>{title}</div>; }",High
2,Rendering,Inline Function Props,onClick handlers callbacks,React/Next.js,Creating new function instances on every render causes child components to re-render,Define handlers outside render or use useCallback for stable references,"const handleClick = useCallback(() => { setCount(c => c + 1); }, []);","<Button onClick={() => setCount(count + 1)} />",Medium
3,Rendering,Inline Object Props,style props object literals,React/Next.js,Object literals create new references on every render triggering unnecessary updates,Use useMemo for object props or define objects outside component,"const styles = useMemo(() => ({ color: theme.primary }), [theme.primary]);","<Box style={{ color: theme.primary }} />",Medium
4,State Management,Excessive State Updates,setState batching,React/Next.js,Multiple setState calls in event handlers can cause multiple re-renders in older React,Use functional updates and batch related state changes together,"setItems(prev => [...prev, newItem]); setLoading(false);","setItems([...items, newItem]); setTotal(total + 1); setLoading(false);",Medium
5,State Management,Derived State Anti-pattern,useState useEffect derived,React/Next.js,Storing derived values in state creates sync issues and extra renders,Calculate derived values during render using useMemo,const total = useMemo(() => items.reduce((a b) => a + b.price 0) [items]);,"const [total, setTotal] = useState(0); useEffect(() => { setTotal(items.reduce(...)); }, [items]);",High
6,State Management,State Colocation,global state local state,React/Next.js,Putting all state in global stores causes unnecessary component updates,Keep state as close to where it is used as possible,Use useState for component-local state and context for shared state,Put every piece of state in Redux/Zustand regardless of scope,High
7,Data Fetching,Waterfall Requests,useEffect fetch sequential,React/Next.js,Sequential data fetching in useEffect creates loading waterfalls,Use parallel fetching with Promise.all or React Query's useQueries,"const [users, posts] = await Promise.all([fetchUsers(), fetchPosts()]);","useEffect(() => { fetchUsers().then(() => fetchPosts()); }, []);",High
8,Data Fetching,Missing Request Deduplication,SWR React Query cache,React/Next.js,Multiple components fetching the same data waste bandwidth and cause inconsistencies,Use SWR or React Query for automatic request deduplication and caching,"const { data } = useSWR('/api/user', fetcher);","useEffect(() => { fetch('/api/user').then(setUser); }, []);",High
9,Data Fetching,Stale Closure in Effects,useEffect dependencies closure,React/Next.js,Accessing state in effects without proper dependencies leads to stale values,Include all dependencies in the dependency array or use functional updates,"useEffect(() => { fetchData(userId); }, [userId]);","useEffect(() => { fetchData(userId); }, []);",Critical
10,Bundle Size,Large Dependencies,lodash moment bundle,React/Next.js,Importing entire libraries when only using a few functions bloats bundle size,Use tree-shakeable imports or lighter alternatives,"import debounce from 'lodash/debounce';","import _ from 'lodash';",High
11,Bundle Size,Missing Code Splitting,dynamic import lazy,React/Next.js,Loading all JavaScript upfront delays initial page load,Use dynamic imports for routes and heavy components,"const Chart = dynamic(() => import('./Chart'), { ssr: false });","import Chart from './Chart';",High
12,Bundle Size,Unused Dependencies,package.json audit,React/Next.js,Dependencies that are no longer used still contribute to bundle size,Regularly audit and remove unused dependencies,Run npm-check or depcheck to find unused packages,Keep adding dependencies without cleanup,Medium
13,Images,Unoptimized Images,next/image lazy loading,Next.js,Large unoptimized images slow down page load and waste bandwidth,Use next/image for automatic optimization and lazy loading,"<Image src={url} width={400} height={300} alt=""Product"" />","<img src={url} alt=""Product"" />",High
14,Images,Missing Image Dimensions,CLS layout shift,React/Next.js,Images without dimensions cause layout shifts as they load,Always specify width and height or use aspect-ratio CSS,"<Image src={url} width={400} height={300} />","<img src={url} style={{ width: '100%' }} />",High
15,Images,Blocking LCP Images,priority preload,Next.js,Hero images loading late hurt Largest Contentful Paint scores,Add priority prop to above-the-fold images,"<Image src={hero} priority alt=""Hero"" />","<Image src={hero} alt=""Hero"" />",High
16,Lists,Missing Keys,key prop reconciliation,React/Next.js,Missing or unstable keys cause React to recreate DOM elements unnecessarily,Use stable unique identifiers as keys,"{items.map(item => <Item key={item.id} />)}","{items.map((item, index) => <Item key={index} />)}",Critical
17,Lists,Index as Key Anti-pattern,key index reorder,React/Next.js,Using array index as key causes bugs when list items are reordered or filtered,Use unique stable IDs from your data as keys,"{items.map(item => <Item key={item.uuid} />)}","{items.map((item, i) => <Item key={i} />)}",High
18,Lists,Virtualization Missing,large lists scroll,React/Next.js,Rendering thousands of list items at once causes jank and memory issues,Use virtualization libraries for lists over 100 items,"<VirtualList items={items} rowRenderer={renderRow} />","{largeArray.map(item => <Row item={item} />)}",High
19,Effects,Missing Cleanup,useEffect cleanup memory,React/Next.js,Not cleaning up subscriptions and timers causes memory leaks,Return cleanup function from useEffect,"useEffect(() => { const id = setInterval(fn, 1000); return () => clearInterval(id); }, []);","useEffect(() => { setInterval(fn, 1000); }, []);",Critical
20,Effects,Fetching in useEffect,race condition abort,React/Next.js,Async operations in useEffect can complete after unmount causing errors,Use AbortController or data fetching libraries with cancellation,"useEffect(() => { const controller = new AbortController(); fetch(url, { signal: controller.signal }); return () => controller.abort(); }, [url]);","useEffect(() => { fetch(url).then(setData); }, [url]);",High
21,Effects,Over-fetching,useEffect polling,React/Next.js,Fetching data too frequently wastes resources and can hit rate limits,Use appropriate intervals and implement request throttling,Set polling interval based on data freshness requirements,Poll every second for data that changes hourly,Medium
22,Context,Context Provider Placement,Context re-render tree,React/Next.js,Placing providers too high in the tree causes unnecessary re-renders,Place context providers as close to consumers as possible,Wrap only the components that need the context,Wrap entire app in every context provider at root level,Medium
23,Context,Large Context Values,Context splitting,React/Next.js,Putting many values in one context causes all consumers to re-render on any change,Split context by update frequency or use context selectors,Create separate contexts for theme and user and settings,Put theme user settings and everything in one AppContext,High
24,Context,Missing Context Memoization,useMemo context value,React/Next.js,Context value objects recreated on every render cause consumer re-renders,Memoize context values with useMemo,"const value = useMemo(() => ({ user, setUser }), [user]);","<UserContext.Provider value={{ user, setUser }}>",High
25,Forms,Uncontrolled to Controlled,input value onChange,React/Next.js,Switching between controlled and uncontrolled inputs causes warnings and bugs,Choose controlled or uncontrolled and be consistent,Always provide value and onChange together for controlled inputs,Start with defaultValue then add value prop later,Medium
26,Forms,Re-rendering on Every Keystroke,form state performance,React/Next.js,Updating parent state on every keystroke causes excessive re-renders,Use uncontrolled inputs with refs or form libraries like React Hook Form,"const { register } = useForm(); <input {...register('name')} />","const [name, setName] = useState(''); <input value={name} onChange={e => setName(e.target.value)} />",Medium
27,Forms,Missing Form Validation,validation UX accessibility,React/Next.js,Client-side validation improves UX and reduces unnecessary server requests,Implement validation with clear error messages and aria attributes,Use schema validation with Zod or Yup and display errors inline,Only validate on server after form submission,Medium
28,Server Components,Client Components Overuse,use client directive,Next.js,Using use client unnecessarily prevents server-side rendering benefits,Only add use client when component needs browser APIs or state,Keep data fetching and static content in Server Components,Add use client to every component by default,High
29,Server Components,Prop Serialization,Server Client boundary,Next.js,Passing non-serializable props across server/client boundary causes errors,Only pass serializable data (strings numbers objects arrays) to Client Components,Pass primitive props and fetch data in Server Components,Pass functions or class instances to Client Components,Critical
30,Server Components,Missing Loading States,Suspense streaming,Next.js,Not using Suspense with async Server Components shows nothing during load,Wrap async components in Suspense with meaningful fallbacks,"<Suspense fallback={<Skeleton />}><AsyncComponent /></Suspense>","<AsyncComponent />",High
31,Hydration,Hydration Mismatch,SSR client mismatch,Next.js,Server and client rendering different content causes hydration errors,Ensure consistent rendering between server and client,Use useEffect for client-only code or suppressHydrationWarning,Use Date.now() or Math.random() in initial render,Critical
32,Hydration,Window Access During SSR,typeof window undefined,Next.js,Accessing browser APIs during SSR causes errors,Check for window existence or use useEffect for browser APIs,"const isClient = typeof window !== 'undefined';","const width = window.innerWidth;",Critical
33,Hydration,Third-party Script Issues,Script next/script,Next.js,Loading third-party scripts incorrectly blocks hydration,Use next/script with appropriate loading strategy,"<Script src=""analytics.js"" strategy=""lazyOnload"" />","<script src=""analytics.js""></script>",Medium
34,Routing,Unnecessary Full Page Loads,Link prefetch navigation,Next.js,Using anchor tags instead of Link causes full page reloads,Use next/link for internal navigation to enable client-side routing,"<Link href=""/about"">About</Link>","<a href=""/about"">About</a>",High
35,Routing,Missing Prefetching,Link prefetch hover,Next.js,Not prefetching likely navigation targets slows perceived performance,Use Link with prefetch for important navigation paths,"<Link href=""/dashboard"" prefetch>Dashboard</Link>",Disable prefetch on all links without consideration,Medium
36,Routing,Route Handler Caching,GET cache revalidate,Next.js,Not caching route handlers causes unnecessary data fetching,Use appropriate cache and revalidation settings,"export const revalidate = 3600; // revalidate hourly",Fetch fresh data on every request without caching,Medium
37,Animations,Layout Thrashing,transform opacity GPU,React/Next.js,Animating layout properties like width and height causes expensive reflows,Animate transform and opacity for smooth 60fps animations,"transform: translateX(100px); opacity: 0;","left: 100px; width: 200px;",High
38,Animations,Missing will-change,animation optimization,React/Next.js,Browsers can optimize animations when given hints about what will change,Add will-change for complex animations but remove after,"will-change: transform; // remove after animation",Never use will-change or use it on too many elements,Low
39,Animations,Excessive Motion,prefers-reduced-motion,React/Next.js,Some users are sensitive to motion and animations,Respect prefers-reduced-motion media query,"@media (prefers-reduced-motion: reduce) { animation: none; }",Use animations everywhere without motion preference check,Medium
40,Memory,Event Listener Leaks,addEventListener cleanup,React/Next.js,Adding event listeners without removing them causes memory leaks,Remove event listeners in useEffect cleanup,"useEffect(() => { window.addEventListener('resize', fn); return () => window.removeEventListener('resize', fn); }, []);","useEffect(() => { window.addEventListener('resize', fn); }, []);",High
41,Memory,Large State Objects,state normalization,React/Next.js,Storing large nested objects in state makes updates expensive,Normalize state and use IDs to reference related data,Store entities by ID in flat objects with arrays of IDs,Deeply nest all related data in single state object,Medium
42,Memory,Closure Memory Leaks,useCallback closure,React/Next.js,Closures capturing large objects prevent garbage collection,Be mindful of what closures capture and clean up references,Use refs for values that should not be captured in closures,Capture large arrays or objects in long-lived callbacks,Medium
43,TypeScript,Missing Type Definitions,any type inference,React/Next.js,Using any type defeats TypeScript benefits and hides bugs,Define proper types for props state and function parameters,"interface Props { items: Item[]; onSelect: (item: Item) => void; }","function Component(props: any) { }",High
44,TypeScript,Overly Permissive Types,union types generics,React/Next.js,Types that are too broad do not catch errors at compile time,Use specific union types and generics for type safety,"type Status = 'loading' | 'success' | 'error';","type Status = string;",Medium
